"id","name","model_id:id","group_id:id","perm_read","perm_write","perm_create","perm_unlink"
"access_library_book_category_user","library.book.category user","model_library_book_category","base.group_user",1,0,0,0
"access_library_book_category_manager","library.book.category manager","model_library_book_category","base.group_partner_manager",1,1,1,1
"access_library_book_user","library.book user","model_library_book","base.group_user",1,0,0,0
"access_library_book_manager","library.book manager","model_library_book","base.group_partner_manager",1,1,1,1
