<?xml version="1.0" encoding="UTF-8"?>
<odoo>
    <!-- Define library user group -->
    <record id="group_library_user" model="res.groups">
        <field name="name">Library User</field>
        <field name="category_id" ref="module_category_library"/>
    </record>

    <!-- Define library manager group -->
    <record id="group_library_manager" model="res.groups">
        <field name="name">Library Manager</field>
        <field name="category_id" ref="module_category_library"/>
    </record>
</odoo>
