<?xml version="1.0" encoding="UTF-8"?>
<odoo>
    <!-- Demo data for books -->
    <record id="library_book_marusia" model="library.book">
        <field name="name">Маруся Чурай</field>
        <field name="category_id" ref="library_category_fiction"/>
    </record>

    <record id="library_book_call_of_the_wild" model="library.book">
        <field name="name">Поклик предків</field>
        <field name="category_id" ref="library_category_nonfiction"/>
    </record>

    <record id="library_book_twenty_thousand_leagues" model="library.book">
        <field name="name">Двадцять тисяч льє під водою</field>
        <field name="category_id" ref="library_category_scifi"/>
    </record>
</odoo>
