<odoo>
    <record id="library_author_ivan_franko" model="library.author">
        <field name="name">Ivan Franko</field>
        <field name="author_id" ref="school_lesson_6_1.library_book_marusia"/>
    </record>

    <record id="library_author_jack_london" model="library.author">
        <field name="name">Jack London</field>
        <field name="author_id" ref="school_lesson_6_1.library_book_call_of_the_wild"/>
    </record>

    <record id="library_author_jules_verne" model="library.author">
        <field name="name">Jules Verne</field>
        <field name="author_id" ref="school_lesson_6_1.library_book_twenty_thousand_leagues"/>
    </record>
</odoo>
